Rentao Wu
UID:111729999

SQL Assignment Submission

=== 1
SELECT players.name, results.result 
   FROM players JOIN results 
      ON (players.player_id = results.player_id) 
   WHERE results.event_id = 
	(SELECT event_id FROM events WHERE name = '110m Hurdles Men' AND olympic_id = 'SYD2000');

**************** RESULT ***************************************************************
                   name                   | result 
------------------------------------------+--------
 Anier Garcia                             |     13
 Mark Crear                               |  13.22
 Terrence Trammell                        |  13.16
(3 rows)

=============================================================================================

=== 2
select count(name) from players where name similar to '(A|E|I|O|U)%';
**************** RESULT ***************************************************************
 count 
-------
    84
(1 row)

=============================================================================================

=== 3
select count(*) from events where olympic_id = 'SYD2000' AND result_noted_in = 'points';

**************** RESULT ***************************************************************
 count 
-------
     2
(1 row)

=============================================================================================

=== 4

with temp as (
	select countries.name, count(countries.name) nmedals 
		from events join results 
			on events.event_id = results.event_id 
		join players 
			on results.player_id = players.player_id 
		join countries 
			on players.country_id = countries.country_id 
	where olympic_id = 'SYD2000' group by countries.name 
	order by nmedals) 
select temp.name, nmedals*1.0/population ratio 
	from temp join countries 
		on temp.name = countries.name 
order by ratio asc limit 5;

**************** RESULT ***************************************************************
                   name           |         ratio              
----------------------------------+--------------------------------
 China                            |  0.0000000007556728359796996049
 France                           |  0.000000016530144205672021
 Mexico                           |  0.000000018686454376087318
 Canada                           |  0.000000029948960083756460
 Nigeria                          |  0.000000038014227965242831
(5 rows)

=============================================================================================

=== 5
select countries.name country_name , count(countries.name) num_players
from players join countries 
	on players.country_id = countries.country_id 
group by countries.name;

**************** RESULT ***************************************************************
                country_name              | num_players
------------------------------------------+-------
 Costa Rica                               |     1
 Latvia                                   |     2
 Estonia                                  |     2
 Eritrea                                  |     1
 Turkey                                   |     1
 Germany                                  |    22
 France                                   |    10
 Algeria                                  |     4
 Slovenia                                 |     1
 Japan                                    |    16
 Jamaica                                  |    18
 Spain                                    |     4
 Ukraine                                  |     9
 Belarus                                  |     7
 Cameroon                                 |     1
 Zimbabwe                                 |     1
 Saudi Arabia                             |     1
 Ireland                                  |     1
 Russia                                   |    38
 Denmark                                  |     2
 Lithuania                                |     2
 Iceland                                  |     1
 Netherlands                              |    13
 Portugal                                 |     3
 Barbados                                 |     1
 Nigeria                                  |    12
 Romania                                  |    10
 The Bahamas                              |     5
 Dominican Republic                       |     1
 Trinidad and Tobago                      |     2
 Canada                                   |     1
 China                                    |     8
 Austria                                  |     2
 Australia                                |    34
 Kenya                                    |    13
 South Africa                             |    10
 United States                            |    88
 Poland                                   |     5
 Argentina                                |     1
 Slovakia                                 |     1
 United Kingdom                           |    12
 Kazakhstan                               |     2
 Croatia                                  |     1
 Czech Republic                           |     3
 Cuba                                     |    12
 Sweden                                   |     9
 Italy                                    |    12
 Ethiopia                                 |    12
 Greece                                   |     7
 Brazil                                   |     9
 Morocco                                  |     5
 Hungary                                  |     4
 Mozambique                               |     1
 Mexico                                   |     3
 Finland                                  |     1
 Sri Lanka                                |     1
 Norway                                   |     3
 Bulgaria                                 |     1

=============================================================================================

=== 6
select name from players 
where right(name,1) = 'd' 
order by country_id asc, birthdate desc;

**************** RESULT ***************************************************************
                   name                   
------------------------------------------
 Abderrahmane Hammad                     
 Mark Ormrod                             
 Yunaika Crawford                        
 Lars Conrad                             
 Beverly McDonald                        
 Michael Blackwood                       
 Pieter van den Hoogenband               
 Trine Hattestad                         
 Darian Townsend                         
 BJ Bedford                              
 Amanda Beard                            
 Shawn Crawford                          
 Jon Drummond                            
(13 rows)

=============================================================================================

=== 7

with playergcount as (
	select player_id, count(player_id) gcount 
		from results join events
			on results.event_id = events.event_id
		where medal = 'GOLD' and events.olympic_id = 'ATH2004'
		group by player_id) 
select extract(year from birthdate) birthyear, count(extract(year from birthdate)) num_players, sum(gcount) num_gold_medals 
	from playergcount join players 
		on playergcount.player_id = players.player_id 
	group by birthyear order by birthyear;


**************** RESULT ***************************************************************
 birthyear | num_players | num_gold_medals 
-----------+-------------+-----------------
      1971 |           9 |               9
      1972 |           3 |               3
      1973 |           5 |               5
      1974 |           9 |               9
      1975 |           9 |              11
      1976 |           9 |              17
      1977 |           4 |               4
      1978 |          10 |              15
      1979 |           7 |               7
      1980 |          10 |              12
      1981 |           1 |               2
      1982 |           2 |               2
      1983 |           2 |               2
      1984 |           7 |               7
      1985 |           9 |              11
(15 rows)


=============================================================================================

=== 8

select name, result, count(result) number_players 
	from events join results 
		on events.event_id = results.event_id 
where is_team_event = 0 and medal = 'GOLD' 
group by name, result 
having count(result) > 1;

**************** RESULT ***************************************************************
                   name                   | result | number_players 
------------------------------------------+--------+----------------
 50m Freestyle Men                        |  21.98 |              2
(1 row)

=============================================================================================

=== 9

with gold as (
		select events.event_id, result 
			from events join results on 
				events.event_id = results.event_id 
		where name like '%Butterfly%' and olympic_id = 'ATH2004' and medal = 'GOLD'), 
	silver as (
		select events.event_id, result 
			from events join results 
				on events.event_id = results.event_id 
		where name like '%Butterfly%' and olympic_id = 'ATH2004' and medal = 'SILVER') 
select gold.event_id, round(cast(silver.result - gold.result as numeric),2) difference 
from gold, silver where gold.event_id = silver.event_id;

**************** RESULT ***************************************************************
 event_id | difference 
----------+------------
 E13      |       0.04
 E43      |       0.52
 E15      |       0.32
 E45      |       0.31
(4 rows)
=============================================================================================

=== 10

create table TeamMedals as 
	select players.country_id, events.event_id, results.medal, 			results.result 
	from events join results 
		on events.event_id = results.event_id 
	join players 
		on results.player_id = players.player_id 
	where is_team_event = 1 
	group by events.event_id, players.country_id, results.medal, 			results.result
	order by events.event_id;


**************** RESULT ***************************************************************
 country_id | event_id |  medal  | result 
------------+----------+---------+--------
 JAM        | E100     | SILVER  | 203.25
 RUS        | E100     | BRONZE  | 203.46
 USA        | E100     | GOLD    | 202.62
 NED        | E81      | SILVER  | 194.36
 RSA        | E81      | GOLD    | 193.17
 USA        | E81      | BRONZE  | 194.62
 AUS        | E82      | GOLD    | 193.67
 BRA        | E82      | BRONZE  |  197.4
 USA        | E82      | SILVER  | 193.86
 AUS        | E83      | GOLD    | 215.94
 NED        | E83      | BRONZE  | 217.59
 USA        | E83      | SILVER  | 216.39
 NED        | E84      | SILVER  | 219.83
 SWE        | E84      | BRONZE  |  220.3
 USA        | E84      | GOLD    | 216.61
 GER        | E85      | SILVER  | 213.62
 JPN        | E85      | BRONZE  | 215.22
 USA        | E85      | GOLD    | 210.68
 AUS        | E86      | SILVER  | 215.27
 GER        | E86      | BRONZE  | 215.88
 USA        | E86      | GOLD    | 213.73
 AUS        | E87      | GOLD    | 237.32
 GER        | E87      | BRONZE  | 240.72
 USA        | E87      | SILVER  | 239.12
 AUS        | E88      | SILVER  | 241.59
 JPN        | E88      | BRONZE  | 244.16
 USA        | E88      | GOLD    |  238.3
 GBR        | E89      | GOLD    |  38.07
 NGR        | E89      | BRONZE  |  38.23
 USA        | E89      | SILVER  |  38.08
 BRA        | E90      | SILVER  |   37.9
 CUB        | E90      | BRONZE  |  38.04
 USA        | E90      | GOLD    |  37.61
 FRA        | E91      | BRONZE  |  42.54
 JAM        | E91      | GOLD    |  41.73
 RUS        | E91      | SILVER  |  42.27
 BAH        | E92      | GOLD    |  41.95
 JAM        | E92      | SILVER  |  42.13
 USA        | E92      | BRONZE  |   42.2
 AUS        | E93      | SILVER  | 427.46
 ITA        | E93      | BRONZE  | 431.83
 USA        | E93      | GOLD    | 427.33
 AUS        | E94      | GOLD    | 427.05
 NED        | E94      | BRONZE  |  432.7
 USA        | E94      | SILVER  | 432.64
 CHN        | E95      | SILVER  | 475.97
 GER        | E95      | BRONZE  | 477.35
 USA        | E95      | GOLD    | 473.42
 AUS        | E96      | SILVER  | 478.52
 GER        | E96      | BRONZE  | 478.64
 USA        | E96      | GOLD    |  477.8
 AUS        | E97      | SILVER  |  180.6
 NGR        | E97      | BRONZE  |  180.9
 USA        | E97      | GOLD    | 175.91
 JAM        | E98      | BRONZE  | 178.78
 NGR        | E98      | SILVER  | 178.68
 USA        | E98      | GOLD    | 176.35
 JAM        | E99      | BRONZE  |    202
 RUS        | E99      | SILVER  | 200.16
 USA        | E99      | GOLD    | 199.01
(60 rows)

=============================================================================================

=== 11

with temp as (
	select * from players 
	where extract(year from players.birthdate) = 1975) 
select c.name, count(temp.name) 
from countries c left outer join temp 
	on c.country_id = temp.country_id 
group by c.name;


**************** RESULT ***************************************************************
                   name                   | count 
------------------------------------------+-------
 Costa Rica                               |     0
 Eritrea                                  |     1
 Estonia                                  |     1
 Latvia                                   |     0
 Turkey                                   |     0
 Germany                                  |     1
 France                                   |     0
 Algeria                                  |     0
 Slovenia                                 |     0
 Japan                                    |     3
 Jamaica                                  |     1
 Spain                                    |     0
 Ukraine                                  |     0
 Belarus                                  |     1
 Cameroon                                 |     0
 Zimbabwe                                 |     0
 Ireland                                  |     0
 Saudi Arabia                             |     0
 Denmark                                  |     1
 Russia                                   |     0
 Iceland                                  |     0
 Lithuania                                |     1
 Netherlands                              |     0
 Portugal                                 |     0
 Barbados                                 |     0
 Nigeria                                  |     0
 Romania                                  |     1
 The Bahamas                              |     0
 Dominican Republic                       |     0
 Trinidad and Tobago                      |     0
 Canada                                   |     0
 Austria                                  |     0
 China                                    |     0
 Australia                                |     3
 Kenya                                    |     0
 South Africa                             |     4
 United States                            |     5
 Poland                                   |     0
 Argentina                                |     0
 Slovakia                                 |     0
 United Kingdom                           |     1
 Kazakhstan                               |     1
 Croatia                                  |     0
 Czech Republic                           |     1
 Cuba                                     |     1
 Italy                                    |     1
 Sweden                                   |     2
 Ethiopia                                 |     1
 Greece                                   |     0
 Brazil                                   |     1
 Morocco                                  |     0
 Hungary                                  |     0
 Mozambique                               |     0
 Finland                                  |     0
 Mexico                                   |     0
 Sri Lanka                                |     0
 Bulgaria                                 |     0
 Norway                                   |     0
(58 rows)

=============================================================================================
